{
    "random": {
        "ms": [
            [
                1.0,
                0.5555555555555556,
                -0.5,
                0.15000000000000002,
                3.0
            ]
        ],
        "simon": [
            [
                1.0,
                0.6666666666666666,
                0.0,
                -0.09999999999999998,
                2.0
            ]
        ],
        "Aurelien": [
            [
                1.0,
                0.4444444444444444,
                0.0,
                0.09999999999999998,
                1.0
            ]
        ],
        "iona": [
            [
                1.0,
                0.5555555555555556,
                0.3333333333333333,
                0.7,
                2.0
            ]
        ]
    },
    "BFS": {
        "ms": [
            [
                0.0,
                0.5555555555555556,
                0.0,
                0.35,
                3.0
            ]
        ],
        "simon": [
            [
                1.0,
                0.4444444444444444,
                0.0,
                0.35,
                1.8
            ]
        ],
        "Aurelien": [
            [
                1.0,
                0.4444444444444444,
                -0.16666666666666669,
                0.25,
                3.0
            ]
        ],
        "iona": [
            [
                0.0,
                0.5555555555555556,
                -0.33333333333333337,
                0.15000000000000002,
                3.0
            ]
        ]
    },
    "priority": {
        "ms": [
            [
                0.0,
                0.0,
                -0.33333333333333337,
                0.44999999999999996,
                5.0
            ]
        ],
        "simon": [
            [
                0.0,
                0.2222222222222222,
                -0.6666666666666667,
                0.09999999999999998,
                2.8
            ]
        ],
        "Aurelien": [
            [
                1.0,
                0.7777777777777778,
                -0.33333333333333337,
                0.25
            ]
        ],
        "iona": [
            [
                1.0,
                0.7777777777777778,
                0.5,
                0.4,
                2.0
            ]
        ]
    }
}